{
  "accuracy": 0.7457,
  "roc_auc": 0.8303,
  "average_precision": 0.8056,
  "f1_score": 0.7751,
  "precision": 0.6948,
  "recall": 0.8765,
  "threshold": 0.3256,
  "cv_auc_mean": 0.8711,
  "cv_auc_std": 0.0023,
  "cv_f1_mean": 0.798,
  "optimal_threshold": 0.3256,
  "feature_importances": {
    "HighBP": 0.19296856655524733,
    "HighChol": 0.09299351450126629,
    "CholCheck": 0.008304773990024085,
    "BMI": 0.13222883254069553,
    "Smoker": 0.007550359418719251,
    "Stroke": 0.006913716457098933,
    "HeartDiseaseorAttack": 0.027768116428787768,
    "PhysActivity": 0.012137001099929285,
    "Fruits": 0.0071606715960190505,
    "Veggies": 0.006417671110560402,
    "HvyAlcoholConsump": 0.010734182809590136,
    "AnyHealthcare": 0.003532433457543024,
    "NoDocbcCost": 0.004705206918241137,
    "GenHlth": 0.21907031719878972,
    "MentHlth": 0.018542974180497804,
    "PhysHlth": 0.03490607735184141,
    "DiffWalk": 0.050175616802243896,
    "Sex": 0.011453357672294813,
    "Age": 0.0950493305616347,
    "Education": 0.01949993884186942,
    "Income": 0.03788734050710588
  },
  "feature_columns": [
    "HighBP",
    "HighChol",
    "CholCheck",
    "BMI",
    "Smoker",
    "Stroke",
    "HeartDiseaseorAttack",
    "PhysActivity",
    "Fruits",
    "Veggies",
    "HvyAlcoholConsump",
    "AnyHealthcare",
    "NoDocbcCost",
    "GenHlth",
    "MentHlth",
    "PhysHlth",
    "DiffWalk",
    "Sex",
    "Age",
    "Education",
    "Income"
  ],
  "training_samples": 56553,
  "test_samples": 14139,
  "resampling": "SMOTETomek",
  "ensemble_models": [
    "RandomForest",
    "GradientBoosting",
    "XGBoost",
    "LightGBM"
  ]
}